{
  "IcoMoonType": "selection",
  "icons": [
    {
      "icon": {
        "paths": [
          "M561.448 53.101l115.494 234.021c8.031 16.276 23.56 27.554 41.524 30.16l258.264 37.53c45.241 6.579 63.29 62.158 30.566 94.048l-186.879 182.158c-12.987 12.666-18.925 30.929-15.849 48.808l44.108 257.218c7.732 45.048-39.559 79.395-80.015 58.142l-230.987-121.432c-16.063-8.437-35.265-8.437-51.328 0l-230.987 121.432c-40.456 21.275-87.747-13.094-80.015-58.142l44.108-257.218c3.076-17.878-2.862-36.141-15.849-48.808l-186.879-182.158c-32.724-31.912-14.674-87.491 30.566-94.048l258.264-37.53c17.964-2.606 33.493-13.884 41.524-30.16l115.494-234.021c20.207-40.99 78.648-40.99 98.876 0z"
        ],
        "attrs": [
          {
            "fill": "rgb(237, 138, 25)"
          }
        ],
        "isMulticolor": false,
        "isMulticolor2": false,
        "grid": 0,
        "tags": [
          "star_gold"
        ]
      },
      "attrs": [
        {
          "fill": "rgb(237, 138, 25)"
        }
      ],
      "properties": {
        "order": 6,
        "id": 0,
        "name": "star_gold",
        "prevSize": 32
      },
      "setIdx": 0,
      "setId": 3,
      "iconIdx": 1
    }
  ],
  "height": 1024,
  "preferences": {
    "showGlyphs": true,
    "showQuickUse": true,
    "showQuickUse2": true,
    "showSVGs": true,
    "fontPref": {
      "prefix": "icon-",
      "metadata": {
        "fontFamily": "icomoon"
      },
      "metrics": {
        "emSize": 1024,
        "baseline": 6.25,
        "whitespace": 50
      },
      "embed": false
    },
    "imagePref": {
      "prefix": "",
      "png": false,
      "useClassSelector": true,
      "color": 0,
      "bgColor": 16777215,
      "classSelector": ".icon",
      "name": "icomoon",
      "height": 32,
      "columns": 16,
      "margin": 16
    },
    "historySize": 50,
    "showCodes": true,
    "gridSize": 16
  }
}