{
  "IcoMoonType": "selection",
  "icons": [
    {
      "icon": {
        "paths": [
          "M1001.773 466.070c20.156-19.643 27.271-48.473 18.577-75.272-8.714-26.8-31.413-45.93-59.299-49.99l-247.942-36.027c-10.56-1.538-19.684-8.161-24.4-17.736l-110.848-224.648c-12.446-25.241-37.708-40.927-65.861-40.927-28.132 0-53.394 15.686-65.84 40.927l-110.868 224.669c-4.716 9.576-13.861 16.199-24.421 17.736l-247.942 36.027c-27.866 4.039-50.585 23.191-59.299 49.99-8.694 26.8-1.579 55.629 18.577 75.272l179.395 174.863c7.648 7.464 11.155 18.208 9.35 28.706l-42.322 246.916c-3.752 21.735 1.948 42.875 16.014 59.545 21.858 25.979 60.017 33.894 90.528 17.86l221.737-116.589c9.268-4.86 20.935-4.819 30.183 0l221.757 116.589c10.785 5.68 22.289 8.55 34.161 8.55 21.673 0 42.219-9.637 56.347-26.41 14.087-16.67 19.766-37.852 16.014-59.545l-42.342-246.916c-1.804-10.519 1.702-21.243 9.35-28.706l179.395-174.884z"
        ],
        "attrs": [
          {}
        ],
        "isMulticolor": false,
        "isMulticolor2": false,
        "grid": 0,
        "tags": [
          "star_black"
        ]
      },
      "attrs": [
        {}
      ],
      "properties": {
        "order": 4,
        "id": 1,
        "name": "star_black",
        "prevSize": 32
      },
      "setIdx": 0,
      "setId": 3,
      "iconIdx": 0
    },
    {
      "icon": {
        "paths": [
          "M561.448 53.101l115.494 234.021c8.031 16.276 23.56 27.554 41.524 30.16l258.264 37.53c45.241 6.579 63.29 62.158 30.566 94.048l-186.879 182.158c-12.987 12.666-18.925 30.929-15.849 48.808l44.108 257.218c7.732 45.048-39.559 79.395-80.015 58.142l-230.987-121.432c-16.063-8.437-35.265-8.437-51.328 0l-230.987 121.432c-40.456 21.275-87.747-13.094-80.015-58.142l44.108-257.218c3.076-17.878-2.862-36.141-15.849-48.808l-186.879-182.158c-32.724-31.912-14.674-87.491 30.566-94.048l258.264-37.53c17.964-2.606 33.493-13.884 41.524-30.16l115.494-234.021c20.207-40.99 78.648-40.99 98.876 0z"
        ],
        "attrs": [
          {
            "fill": "rgb(237, 138, 25)"
          }
        ],
        "isMulticolor": false,
        "isMulticolor2": false,
        "grid": 0,
        "tags": [
          "star_gold"
        ]
      },
      "attrs": [
        {
          "fill": "rgb(237, 138, 25)"
        }
      ],
      "properties": {
        "order": 5,
        "id": 0,
        "name": "star_gold",
        "prevSize": 32
      },
      "setIdx": 0,
      "setId": 3,
      "iconIdx": 1
    }
  ],
  "height": 1024,
  "preferences": {
    "showGlyphs": true,
    "showQuickUse": true,
    "showQuickUse2": true,
    "showSVGs": true,
    "fontPref": {
      "prefix": "icon-",
      "metadata": {
        "fontFamily": "icomoon"
      },
      "metrics": {
        "emSize": 1024,
        "baseline": 6.25,
        "whitespace": 50
      },
      "embed": false
    },
    "imagePref": {
      "prefix": "",
      "png": false,
      "useClassSelector": true,
      "color": 0,
      "bgColor": 16777215,
      "classSelector": ".icon",
      "name": "icomoon",
      "height": 32,
      "columns": 16,
      "margin": 16
    },
    "historySize": 50,
    "showCodes": true,
    "gridSize": 16
  }
}