{
  "IcoMoonType": "selection",
  "icons": [
    {
      "icon": {
        "paths": [
          "M1022.451 394.396c-3.712-11.426-13.589-19.755-25.478-21.48l-315.553-45.873-141.111-285.93c-5.32-10.774-16.291-17.596-28.302-17.596-12.015 0-22.987 6.822-28.306 17.596l-141.111 285.93-315.562 45.873c-11.893 1.73-21.771 10.058-25.482 21.48-3.712 11.426-0.619 23.967 7.988 32.355l228.341 222.571-53.898 314.257c-2.028 11.843 2.837 23.812 12.554 30.869 9.717 7.062 22.604 7.996 33.239 2.403l282.239-148.367 282.235 148.367c4.617 2.428 9.663 3.624 14.683 3.624 0.029 0 0.059 0 0.088 0 0 0 0 0 0.004 0 17.432 0 31.564-14.132 31.564-31.564 0-2.647-0.328-5.219-0.938-7.676l-53.503-311.922 228.328-222.567c8.602-8.379 11.7-20.925 7.984-32.351zM730.192 615.7c-7.441 7.251-10.837 17.701-9.078 27.94l45.898 267.581-240.314-126.331c-9.196-4.836-20.18-4.836-29.371 0l-240.318 126.331 45.898-267.581c1.759-10.239-1.637-20.685-9.078-27.94l-194.429-189.513 268.7-39.059c10.281-1.494 19.17-7.95 23.765-17.267l120.153-243.458 120.153 243.458c4.596 9.313 13.484 15.773 23.761 17.267l268.688 39.059-194.429 189.513z"
        ],
        "attrs": [
          {}
        ],
        "isMulticolor": false,
        "isMulticolor2": false,
        "grid": 0,
        "tags": [
          "star"
        ]
      },
      "attrs": [
        {}
      ],
      "properties": {
        "order": 2,
        "id": 0,
        "name": "star",
        "prevSize": 32
      },
      "setIdx": 0,
      "setId": 2,
      "iconIdx": 0
    }
  ],
  "height": 1024,
  "preferences": {
    "showGlyphs": true,
    "showQuickUse": true,
    "showQuickUse2": true,
    "showSVGs": true,
    "fontPref": {
      "prefix": "icon-",
      "metadata": {
        "fontFamily": "icomoon"
      },
      "metrics": {
        "emSize": 1024,
        "baseline": 6.25,
        "whitespace": 50
      },
      "embed": false
    },
    "imagePref": {
      "prefix": "",
      "png": false,
      "useClassSelector": true,
      "color": 0,
      "bgColor": 16777215,
      "classSelector": ".icon",
      "name": "icomoon",
      "height": 32,
      "columns": 16,
      "margin": 16
    },
    "historySize": 50,
    "showCodes": true,
    "gridSize": 16
  }
}