{
  "IcoMoonType": "selection",
  "icons": [
    {
      "icon": {
        "paths": [
          "M1001.773 466.070c20.156-19.643 27.271-48.473 18.577-75.272-8.714-26.8-31.413-45.93-59.299-49.99l-247.942-36.027c-10.56-1.538-19.684-8.161-24.4-17.736l-110.848-224.648c-12.446-25.241-37.708-40.927-65.861-40.927-28.132 0-53.394 15.686-65.84 40.927l-110.868 224.669c-4.716 9.576-13.861 16.199-24.421 17.736l-247.942 36.027c-27.866 4.039-50.585 23.191-59.299 49.99-8.694 26.8-1.579 55.629 18.577 75.272l179.395 174.863c7.648 7.464 11.155 18.208 9.35 28.706l-42.322 246.916c-3.752 21.735 1.948 42.875 16.014 59.545 21.858 25.979 60.017 33.894 90.528 17.86l221.737-116.589c9.268-4.86 20.935-4.819 30.183 0l221.757 116.589c10.785 5.68 22.289 8.55 34.161 8.55 21.673 0 42.219-9.637 56.347-26.41 14.087-16.67 19.766-37.852 16.014-59.545l-42.342-246.916c-1.804-10.519 1.702-21.243 9.35-28.706l179.395-174.884z"
        ],
        "attrs": [
          {}
        ],
        "isMulticolor": false,
        "isMulticolor2": false,
        "grid": 0,
        "tags": [
          "star_black"
        ]
      },
      "attrs": [
        {}
      ],
      "properties": {
        "order": 4,
        "id": 1,
        "name": "star_black",
        "prevSize": 32
      },
      "setIdx": 0,
      "setId": 3,
      "iconIdx": 0
    }
  ],
  "height": 1024,
  "preferences": {
    "showGlyphs": true,
    "showQuickUse": true,
    "showQuickUse2": true,
    "showSVGs": true,
    "fontPref": {
      "prefix": "icon-",
      "metadata": {
        "fontFamily": "icomoon"
      },
      "metrics": {
        "emSize": 1024,
        "baseline": 6.25,
        "whitespace": 50
      },
      "embed": false
    },
    "imagePref": {
      "prefix": "",
      "png": false,
      "useClassSelector": true,
      "color": 0,
      "bgColor": 16777215,
      "classSelector": ".icon",
      "name": "icomoon",
      "height": 32,
      "columns": 16,
      "margin": 16
    },
    "historySize": 50,
    "showCodes": true,
    "gridSize": 16
  }
}